genome,domain,phylum,class,order,family,genus,species,completeness,contamination,coding_density,length,N50_length,circularity,length_ratio
GPB:bin_000056,Bacteria,Verrucomicrobiota,Verrucomicrobiae,Verrucomicrobiales,Akkermansiaceae,Akkermansia,Akkermansia sp905200945,100,0,0.882,2811384,2811384,1,0.9528041693977107
D300462:bin_000001,Bacteria,Bacteroidota,Bacteroidia,Bacteroidales,Rikenellaceae,Alistipes,Alistipes excrementavium,99.8,0.09,0.846,2821488,57160,0,0.9562285089143312
GPB:bin_000009,Bacteria,Pseudomonadota,Gammaproteobacteria,Enterobacterales,Enterobacteriaceae,Klebsiella,Klebsiella pneumoniae,100,0,0.878,5231987,5231987,1,1.7731690255883297
GPB:bin_000051,Bacteria,Pseudomonadota,Gammaproteobacteria,Enterobacterales,Enterobacteriaceae,Salmonella,Salmonella enterica,100,0,0.872,4632364,4632364,1,1.5699512173960786
GPB:bin_000010,Bacteria,Pseudomonadota,Gammaproteobacteria,Enterobacterales,Enterobacteriaceae,Escherichia,Escherichia coli,100,0,0.876,4759851,4759851,1,1.6131577466869922
GPB:bin_000002,Bacteria,Pseudomonadota,Gammaproteobacteria,Enterobacterales,Enterobacteriaceae,Proteus,Proteus mirabilis,100,0,0.847,3812602,3812602,1,1.29212625591312
GPB:bin_000200,Bacteria,Actinomycetota,Actinomycetia,Actinomycetales,Bifidobacteriaceae,Bifidobacterium,Bifidobacterium globosum,92.62,1.74,0.881,2050765,499356,0,0.6950233203485885
GEXTRA:bin_000001,Bacteria,Actinomycetota,Actinomycetia,Actinomycetales,Bifidobacteriaceae,Bifidobacterium,Bifidobacterium animalis,99.98,0.35,0.865,2144878,2136170,0,0.7269190908283689
GPB:bin_000087,Bacteria,Actinomycetota,Coriobacteriia,Coriobacteriales,Eggerthellaceae,Rubneribacter,Rubneribacter badeniensis,100,0,0.83,3553873,3553873,1,1.2044405929285897
GPB:bin_000078,Bacteria,Actinomycetota,Coriobacteriia,Coriobacteriales,Eggerthellaceae,Gordonibacter,Gordonibacter urolithinfaciens,100,0,0.869,3524118,3524118,1,1.19435634685604
GPB:bin_000178,Bacteria,Bacillota_A,Clostridia,Oscillospirales,Butyricicoccaceae,Butyricicoccus,Butyricicoccus sp900604335,83.54,0.13,0.88,2769368,191061,0,0.9385645564592383
GPB:bin_000074,Bacteria,Bacillota_A,Clostridia,Oscillospirales,Butyricicoccaceae,Agathobaculum,Agathobaculum sp900557315,100,0,0.864,3757461,3757461,1,1.27343845847785
GPB:bin_000111,Bacteria,Bacillota_A,Clostridia,Oscillospirales,Butyricicoccaceae,Agathobaculum,Agathobaculum intestinigallinarum,100,0,0.866,3112005,3112005,1,1.054687420568134
GPB:bin_000192,Bacteria,Bacillota_A,Clostridia,Oscillospirales,Butyricicoccaceae,Agathobaculum,Agathobaculum sp900291975,94.94,5.18,0.87,3032106,386114,0,1.0276089068074
D300506:bin_000004,Bacteria,Bacillota_A,Clostridia,Oscillospirales,Butyricicoccaceae,Agathobaculum,Agathobaculum stercoravium,96.19,0.51,0.876,2563225,22858,0,0.8687007776612683
D300442:bin_000015,Bacteria,Bacillota_A,Clostridia,Oscillospirales,Butyricicoccaceae,Agathobaculum,Agathobaculum merdipullorum,78.79,7.07,0.886,2858118,11246,0,0.9686427563899653
GPB:bin_000173,Bacteria,Bacillota_A,Clostridia,Oscillospirales,Butyricicoccaceae,Pseudobutyricicoccus,Pseudobutyricicoccus lothianensis,97.34,3.68,0.868,3965444,2120242,0,1.343925830378609
GPB:bin_000112,Bacteria,Bacillota_A,Clostridia,Oscillospirales,Oscillospiraceae,Flavonifractor,Flavonifractor avicola,100,0,0.881,3563294,3563294,1,1.2076334573967293
GPB:bin_000140,Bacteria,Bacillota_A,Clostridia,Oscillospirales,Oscillospiraceae,Flavonifractor,Flavonifractor plautii,99.99,1.48,0.881,3981591,2322641,0,1.3493981987648789
GPB:bin_000197,Bacteria,Bacillota_A,Clostridia,Oscillospirales,Oscillospiraceae,Flavonifractor,Flavonifractor avistercoris,99.99,1.61,0.873,4150567,2121798,0,1.406665735795803
GPB:bin_000019,Bacteria,Bacillota_A,Clostridia,Oscillospirales,Oscillospiraceae,HGM12998,HGM12998 sp900756495,100,0,0.877,3013577,3013577,1,1.0213292564804541
GPB:bin_000027,Bacteria,Bacillota_A,Clostridia,Oscillospirales,Oscillospiraceae,Galloscillospira_A,Galloscillospira_A stercoripullorum,100,0,0.873,2666572,2666572,1,0.9037260365710242
GPB:bin_000126,Bacteria,Bacillota_A,Clostridia,Oscillospirales,Oscillospiraceae,Intestinimonas,Intestinimonas stercoravium,100,0,0.88,3431821,3431821,1,1.163076035655969
GPB:bin_000181,Bacteria,Bacillota_A,Clostridia,Oscillospirales,Oscillospiraceae,Intestinimonas,Intestinimonas pullistercoris,99.96,1.09,0.869,4057965,2066294,0,1.375282057260759
D300430:bin_000010,Bacteria,Bacillota_A,Clostridia,Oscillospirales,Oscillospiraceae,Intestinimonas,Intestinimonas timonensis,83.6,7.68,0.889,3001106,17315,0,1.0171027186625825
GPB:bin_000028,Bacteria,Bacillota_A,Clostridia,Oscillospirales,Oscillospiraceae,Intestinimonas,unclassified_Intestinimonas,100,0,0.876,3474651,3474651,1,1.1775915207605667
GPB:bin_000213,Bacteria,Bacillota_A,Clostridia,Oscillospirales,Oscillospiraceae,unclassified_Oscillospiraceae,unclassified_Oscillospiraceae,84.49,0.91,0.88,2192832,231730,0,0.7431711471605162
GPB:bin_000088,Bacteria,Bacillota_A,Clostridia,Oscillospirales,Oscillospiraceae,Enterenecus,Enterenecus faecium,100,0,0.869,3196684,3196684,1,1.08338592075894
GPB:bin_000080,Bacteria,Bacillota_A,Clostridia,Oscillospirales,Oscillospiraceae,Lawsonibacter,Lawsonibacter asaccharolyticus,100,0,0.869,2971752,2971752,1,1.0071543752173255
GPB:bin_000141,Bacteria,Bacillota_A,Clostridia,Oscillospirales,Oscillospiraceae,Lawsonibacter,unclassified_Lawsonibacter,89,1.91,0.864,3795591,2357263,0,1.286361069895975
GPB:bin_000034,Bacteria,Bacillota_A,Clostridia,Oscillospirales,Oscillospiraceae,Lawsonibacter,Lawsonibacter sp900545895,100,0,0.839,3857571,3857571,1,1.3073666679997098
GPB:bin_000015,Bacteria,Bacillota_A,Clostridia,Oscillospirales,Oscillospiraceae,Lawsonibacter,Lawsonibacter pullicola,100,0,0.829,3465011,3465011,1,1.1743244351568234
GPB:bin_000137,Bacteria,Bacillota_A,Clostridia,Oscillospirales,Oscillospiraceae,Lawsonibacter,Lawsonibacter sp019424865,86.04,1.96,0.832,2398787,267243,0,0.8129712110110274
GPB:bin_000217,Bacteria,Bacillota_A,Clostridia,Oscillospirales,Oscillospiraceae,Lawsonibacter,unclassified_Lawsonibacter,75.32,1.91,0.867,2538302,208093,0,0.8602541413021302
GPB:bin_000211,Bacteria,Bacillota_A,Clostridia,Oscillospirales,Oscillospiraceae,CAJFPI01,unclassified_CAJFPI01,82.64,1.61,0.832,2006641,152293,0,0.6800692866162686
GPB:bin_000186,Bacteria,Bacillota_A,Clostridia,Oscillospirales,Oscillospiraceae,Evtepia,Evtepia gabavorous,94.45,0.65,0.87,2642202,442333,0,0.8954668170520178
GPB:bin_000059,Bacteria,Bacillota_A,Clostridia,Oscillospirales,Oscillospiraceae,Dysosmobacter,Dysosmobacter avistercoris,100,0,0.867,3350407,3350407,1,1.135484074313319
GPB:bin_000022,Bacteria,Bacillota_A,Clostridia,Oscillospirales,Oscillospiraceae,Dysosmobacter,Dysosmobacter pullicola,100,0,0.866,3743724,3743724,1,1.2687828614925158
GPB:bin_000177,Bacteria,Bacillota_A,Clostridia,Oscillospirales,Oscillospiraceae,Pelethomonas,unclassified_Pelethomonas,98.99,0.58,0.848,3325945,2195585,0,1.1271936751391731
GPB:bin_000085,Bacteria,Bacillota_A,Clostridia,Oscillospirales,Oscillospiraceae,Pelethomonas,Pelethomonas intestinigallinarum,100,0,0.853,3175523,3175523,1,1.0762142611675696
GPB:bin_000097,Bacteria,Bacillota_A,Clostridia,Oscillospirales,Oscillospiraceae,Dysosmobacter,Dysosmobacter faecalis,100,0,0.86,2932220,2932220,1,0.9937566129676185
TG5_35:bin_000024,Bacteria,Bacillota_A,Clostridia,Oscillospirales,Oscillospiraceae,Scatomorpha,Scatomorpha sp900759385,84.89,6.93,0.891,2730170,15113,0,0.9252799899140594
GPB:bin_000206,Bacteria,Bacillota_A,Clostridia,Oscillospirales,Oscillospiraceae,RUG626,RUG626 sp944385785,82.72,0.1,0.865,1931357,1255750,0,0.6545548392519323
GPB:bin_000114,Bacteria,Bacillota_A,Clostridia,Oscillospirales,Oscillospiraceae,Avoscillospira,Avoscillospira stercoripullorum,100,0,0.87,3417659,3417659,1,1.1582764022202625
GPB:bin_000123,Bacteria,Bacillota_A,Clostridia,Oscillospirales,Oscillospiraceae,Faecousia,Faecousia gallistercoris,100,0,0.879,3258929,3258929,1,1.104481329825848
GPB:bin_000045,Bacteria,Bacillota_A,Clostridia,Oscillospirales,Acutalibacteraceae,Acutalibacter,Acutalibacter pullistercoris,100,0,0.844,2519477,2519477,1,0.8538741738238661
GPB:bin_000155,Bacteria,Bacillota_A,Clostridia,Oscillospirales,Acutalibacteraceae,Acutalibacter,Acutalibacter sp904391645,84.63,0.12,0.873,2444981,1688256,0,0.8286267869839852
GPB:bin_000060,Bacteria,Bacillota_A,Clostridia,Oscillospirales,Acutalibacteraceae,Acutalibacter,Acutalibacter sp900755895,100,0,0.884,3569397,3569397,1,1.2097018208240782
GPB:bin_000004,Bacteria,Bacillota_A,Clostridia,Oscillospirales,Acutalibacteraceae,Acutalibacter,Acutalibacter stercoravium,100,0,0.875,3213223,3213223,1,1.0889911415888474
GPB:bin_000184,Bacteria,Bacillota_A,Clostridia,Oscillospirales,Acutalibacteraceae,Acutalibacter,Acutalibacter ornithocaccae,99.99,0.23,0.868,3412555,1218363,0,1.1565466091786127
GPB:bin_000166,Bacteria,Bacillota_A,Clostridia,Oscillospirales,Acutalibacteraceae,UBA1417,UBA1417 sp900552925,99.96,1.62,0.872,2919632,2050625,0,0.9894904227622328
TG2_14:bin_000017,Bacteria,Bacillota_A,Clostridia,Oscillospirales,Acutalibacteraceae,Heritagella,Heritagella sp905215105,86.14,0.92,0.884,2267014,27091,0,0.768312116481769
GPB:bin_000210,Bacteria,Bacillota_A,Clostridia,Oscillospirales,Acutalibacteraceae,Gallacutalibacter,Gallacutalibacter pullicola,99.18,1.36,0.834,3983884,886225,0,1.3501753177783005
GPB:bin_000021,Bacteria,Bacillota_A,Clostridia,Oscillospirales,Acutalibacteraceae,Anaeromassilibacillus,Anaeromassilibacillus stercoravium,100,0,0.862,3185737,3185737,1,1.0796758807066393
GPB:bin_000032,Bacteria,Bacillota_A,Clostridia,Oscillospirales,Acutalibacteraceae,Caccousia,Caccousia avistercoris,100,0,0.869,4107450,4107450,1,1.3920529837235422
GPB:bin_000156,Bacteria,Bacillota_A,Clostridia,Oscillospirales,Acutalibacteraceae,Scatavimonas,Scatavimonas merdipullorum,97.88,1.46,0.879,2531435,407890,0,0.8579268511734056
GPB:bin_000086,Bacteria,Bacillota_A,Clostridia,Oscillospirales,Acutalibacteraceae,unclassified_Acutalibacteraceae,unclassified_Acutalibacteraceae,100,0,0.854,3253195,3253195,1,1.1025380239283518
GPB:bin_000082,Bacteria,Bacillota_A,Clostridia,Oscillospirales,Acutalibacteraceae,CAJFUH01,CAJFUH01 sp904420155,100,0,0.842,2927264,2927264,1,0.9920769785016278
GPB:bin_000204,Bacteria,Bacillota_A,Clostridia,Oscillospirales,Acutalibacteraceae,Timburyella,Timburyella stercoris,89.33,1.31,0.797,2107690,238900,0,0.7143157319661281
GPB:bin_000127,Bacteria,Bacillota_A,Clostridia,Oscillospirales,Acutalibacteraceae,Onthovicinus,Onthovicinus excrementipullorum,100,0,0.88,2919488,2919488,1,0.9894416198237536
D300493:bin_000002,Bacteria,Bacillota_A,Clostridia,Oscillospirales,Acutalibacteraceae,Fimenecus,Fimenecus stercoravium,93.1,2.32,0.893,2043415,33325,0,0.6925323370303819
GPB:bin_000133,Bacteria,Bacillota_A,Clostridia,Oscillospirales,Acutalibacteraceae,Onthovicinus,unclassified_Onthovicinus,100,0,0.88,2495716,2495716,1,0.8458213500655112
GPB:bin_000154,Bacteria,Bacillota_A,Clostridia,Oscillospirales,Acutalibacteraceae,UMGS856,unclassified_UMGS856,98.14,0.89,0.881,4101245,2642865,0,1.3899500515481038
D300418:bin_000013,Bacteria,Bacillota_A,Clostridia,Oscillospirales,Acutalibacteraceae,Fimivicinus,Fimivicinus intestinavium,81.41,1.94,0.871,2332804,6434,0,0.7906089589994313
GPB:bin_000016,Bacteria,Bacillota_A,Clostridia,Oscillospirales,Ruminococcaceae,Fournierella,Fournierella sp002161595,100,0,0.876,3519202,3519202,1,1.192690268761849
GPB:bin_000040,Bacteria,Bacillota_A,Clostridia,Oscillospirales,Acutalibacteraceae,Scybalenecus,Scybalenecus merdavium,100,0,0.896,2134796,2134796,1,0.7235022073162383
GPB:bin_000132,Bacteria,Bacillota_A,Clostridia,Oscillospirales,Acutalibacteraceae,Eubacterium_R,Eubacterium_R faecavium,100,0,0.898,2264388,2264388,1,0.7674221406731145
D300526:bin_000001,Bacteria,Bacillota_A,Clostridia,Oscillospirales,Acutalibacteraceae,Eubacterium_R,unclassified_Eubacterium_R,99.62,0.24,0.901,2109938,22372,0,0.7150776000612749
GPB:bin_000215,Bacteria,Bacillota_A,Clostridia,Oscillospirales,Ruminococcaceae,Ruthenibacterium,Ruthenibacterium lactatiformans,96.93,2.11,0.865,4059014,2534162,0,1.3756375731112076
D300418:bin_000001,Bacteria,Bacillota_A,Clostridia,Oscillospirales,Ruminococcaceae,Faeciplasma,Faeciplasma gallinarum,99.49,0.17,0.888,1791036,79551,0,0.6069987480690643
GPB:bin_000065,Bacteria,Bacillota_A,Clostridia,Oscillospirales,Ruminococcaceae,Faecivivens,Faecivivens stercoravium,100,0,0.827,3007090,3007090,1,1.0191307518838273
TG3_35:bin_000005,Bacteria,Bacillota_A,Clostridia,Oscillospirales,Ruminococcaceae,Merdivicinus,Merdivicinus excrementipullorum,96.29,2.12,0.88,2951894,27680,0,1.0004243144373326
GPB:bin_000024,Bacteria,Bacillota_A,Clostridia,Oscillospirales,Ruminococcaceae,Merdivicinus,Merdivicinus intestinavium,100,0,0.877,3673377,3673377,1,1.2449416093175654
D300481:bin_000002,Bacteria,Bacillota_A,Clostridia,Oscillospirales,Ruminococcaceae,Merdivicinus,Merdivicinus intestinigallinarum,96.91,2.1,0.886,2950642,34032,0,1
D300475:bin_000015,Bacteria,Bacillota_A,Clostridia,Oscillospirales,Ruminococcaceae,Egerieicola,Egerieicola faecale,87.56,4.1,0.871,1972849,10847,0,0.6686168637198278
D300521:bin_000006,Bacteria,Bacillota_A,Clostridia,Oscillospirales,Ruminococcaceae,Faecalibacterium,Faecalibacterium faecigallinarum,84.63,1.95,0.88,2086084,14272,0,0.7069932577384854
D300519:bin_000006,Bacteria,Bacillota_A,Clostridia,Oscillospirales,Ruminococcaceae,Gemmiger,Gemmiger avicola,93.76,0.44,0.883,2474647,11478,0,0.8386808701292804
GPB:bin_000130,Bacteria,Bacillota_A,Clostridia,Oscillospirales,Ruminococcaceae,Negativibacillus,Negativibacillus faecipullorum,100,0,0.846,2681577,2681577,1,0.9088113705424108
D300500:bin_000011,Bacteria,Bacillota_A,Clostridia,Oscillospirales,Ruminococcaceae,Gemmiger,Gemmiger stercoravium,77.57,1.21,0.882,1691313,7112,0,0.573201696444367
GPB:bin_000198,Bacteria,Bacillota_A,Clostridia,Oscillospirales,Ruminococcaceae,Avimicrobium,Avimicrobium caecorum,96.45,0,0.856,2187008,382761,0,0.7411973394264706
GPB:bin_000033,Bacteria,Bacillota_A,Clostridia,Oscillospirales,Ruminococcaceae,Anaerotruncus,Anaerotruncus colihominis,100,0,0.874,3478520,3478520,1,1.1789027608228988
GPB:bin_000168,Bacteria,Bacillota_A,Clostridia,Oscillospirales,Ruminococcaceae,Angelakisella,Angelakisella sp904420255,97.11,1.91,0.818,2915354,1082054,0,0.988040568798248
GPB:bin_000071,Bacteria,Bacillota_A,Clostridia,Oscillospirales,Ruminococcaceae,Pararuminococcus,Pararuminococcus gallinarum,100,0,0.874,2835324,2835324,1,0.9609176579198696
GPB:bin_000149,Bacteria,Bacillota_A,Clostridia,UBA1381,UBA1381,Ornithomonoglobus_A,unclassified_Ornithomonoglobus_A,98.66,1.72,0.897,3969956,2794449,0,1.3454549891176226
GPB:bin_000026,Bacteria,Bacillota_A,Clostridia,UBA1381,UBA1381,UBA4716,UBA4716 sp905215805,100,0,0.893,3530557,3530557,1,1.1965385838065072
D300479:bin_000005,Bacteria,Bacillota_A,Clostridia,UBA1381,UBA1381,Ornithomonoglobus,Ornithomonoglobus merdipullorum,96.74,0.23,0.898,3497138,10928,0,1.1852125740770991
TG2_21:bin_000001,Bacteria,Bacillota_A,Clostridia,UBA1381,UBA1381,Ornithomonoglobus,Ornithomonoglobus sp904420525,99.05,0.06,0.901,3559586,25403,0,1.206376781730891
GPB:bin_000093,Bacteria,Bacillota_A,Clostridia,Monoglobales,Monoglobaceae,Roslinia,Roslinia sp019419865,100,0,0.847,3476643,3476643,1,1.1782666280761949
TG3_07:bin_000004,Bacteria,Bacillota_A,Clostridia,TANB77,CAG-508,CAG-269,CAG-269 sp904419495,100,0.28,0.856,1894700,27816,0,0.6421314412253334
GPB:bin_000020,Bacteria,Bacillota_A,Clostridia,TANB77,CAG-508,CAG-269,CAG-269 sp904419095,100,0,0.848,2183377,2183377,1,0.739966759776347
GPB:bin_000073,Bacteria,Bacillota_A,Clostridia,TANB77,CAG-508,CAG-269,unclassified_CAG-269,100,0,0.894,1823093,1823093,1,0.6178631633386904
GPB:bin_000195,Bacteria,Bacillota_A,Clostridia,TANB77,CAG-508,unclassified_CAG-508,unclassified_CAG-508,95.71,2.11,0.829,1884250,318399,0,0.6385898390926449
GPB:bin_000099,Bacteria,Bacillota_A,Clostridia,TANB77,CAG-508,CAG-245,CAG-245 sp944388645,100,0,0.875,1871042,1871042,1,0.6341135251243628
GPB:bin_000122,Bacteria,Bacillota_A,Clostridia,TANB77,CAG-508,JAETTH01,JAETTH01 sp021769225,100,0,0.853,1719972,1719972,1,0.5829144979296031
GPB:bin_000129,Bacteria,Bacillota_A,Clostridia,TANB77,CAG-508,CAG-273,unclassified_CAG-273,100,0,0.844,1556021,1556021,1,0.5273499801060244
TG4_21:bin_000029,Bacteria,Bacillota_A,Clostridia,TANB77,CAG-508,CAG-273,CAG-273 sp944390395,85.87,17.24,0.881,2099222,3887,0,0.711445848056118
GPB:bin_000083,Bacteria,Bacillota_A,Clostridia,TANB77,CAG-508,CAG-273,unclassified_CAG-273,100,0,0.851,1749078,1749078,1,0.5927787918697016
D300514:bin_000003,Bacteria,Bacillota_A,Clostridia,TANB77,CAG-508,CAG-273,unclassified_CAG-273,96.87,1.71,0.846,1619643,21727,0,0.5489120672721394
D300491:bin_000003,Bacteria,Bacillota_A,Clostridia,TANB77,CAG-508,CAG-273,CAG-273 sp944392105,99.07,0.5,0.851,1680789,53628,0,0.5696350150238491
D300521:bin_000005,Bacteria,Bacillota_A,Clostridia,TANB77,CAG-508,CAG-273,CAG-273 sp017886645,94.74,6.93,0.884,1702325,53351,0,0.5769337656008421
D300442:bin_000001,Bacteria,Bacillota_A,Clostridia,Lachnospirales,CAG-274,Tyzzerella,Tyzzerella sp944383305,95.41,0.23,0.866,2386391,19562,0,0.8087700913902804
GPB:bin_000061,Bacteria,Bacillota_A,Clostridia,Lachnospirales,CAG-274,Gallispira,unclassified_Gallispira,100,0,0.854,2856039,2856039,1,0.9679381639656726
D300432:bin_000001,Bacteria,Bacillota_A,Clostridia,Lachnospirales,Anaerotignaceae,Fimicola,Fimicola sp944379995,95.93,0.97,0.89,2795297,79630,0,0.9473521355691406
D300435:bin_000001,Bacteria,Bacillota_A,Clostridia,Lachnospirales,Anaerotignaceae,Anaerotignum,Anaerotignum merdipullorum,99.64,0.51,0.838,2545646,41671,0,0.8627430911645669
GPB:bin_000035,Bacteria,Bacillota_A,Clostridia,Lachnospirales,Anaerotignaceae,Coprocola,Coprocola pullicola,100,0,0.763,4015457,4015457,1,1.3608757009491494
TG5:bin_000031,Bacteria,Bacillota_A,Clostridia,Lachnospirales,Anaerotignaceae,Anaerotignum,Anaerotignum lactatifermentans,98.55,3.04,0.874,2419402,15645,0,0.8199578261273309
TG1:bin_000032,Bacteria,Bacillota_A,Clostridia,Lachnospirales,Anaerotignaceae,Neoanaerotignum_A,Neoanaerotignum_A tabaqchaliae,86.87,2.23,0.853,2361298,10457,0,0.8002658404509934
GPB:bin_000199,Bacteria,Bacillota_A,Clostridia,Lachnospirales,Anaerotignaceae,Metalachnospira,Metalachnospira gallinarum,96.22,7.2,0.858,2642150,731530,0,0.8954491937686782
GPB:bin_000075,Bacteria,Bacillota_A,Clostridia,Lachnospirales,Lachnospiraceae,HGM12545,HGM12545 sp900761925,100,0,0.897,3183624,3183624,1,1.078959765366317
GPB:bin_000176,Bacteria,Bacillota_A,Clostridia,Lachnospirales,Lachnospiraceae,Acetatifactor,Acetatifactor stercoripullorum,100,5.55,0.901,3870110,3218566,0,1.311616251649641
GPB:bin_000012,Bacteria,Bacillota_A,Clostridia,Lachnospirales,Lachnospiraceae,Choladocola,Choladocola sp944381625,100,0,0.9,3981004,3981004,1,1.3491992590087174
GPB:bin_000038,Bacteria,Bacillota_A,Clostridia,Lachnospirales,Lachnospiraceae,Choladocola,unclassified_Choladocola,100,0,0.909,3873669,3873669,1,1.312822429830525
GPB:bin_000125,Bacteria,Bacillota_A,Clostridia,Lachnospirales,Lachnospiraceae,Merdisoma,Merdisoma sp944375745,100,0,0.889,3295763,3295763,1,1.116964714797661
GPB:bin_000092,Bacteria,Bacillota_A,Clostridia,Lachnospirales,Lachnospiraceae,Choladocola,Choladocola avistercoris,100,0,0.909,3990592,3990592,1,1.352448721329121
GPB:bin_000054,Bacteria,Bacillota_A,Clostridia,Lachnospirales,Lachnospiraceae,Merdisoma,Merdisoma faecalis,100,0,0.88,4001504,4001504,1,1.3561468995560966
GPB:bin_000089,Bacteria,Bacillota_A,Clostridia,Lachnospirales,Lachnospiraceae,Blautia_A,Blautia_A intestinavium,100,0,0.885,4970692,4970692,1,1.6846137213528445
GPB:bin_000208,Bacteria,Bacillota_A,Clostridia,Lachnospirales,Lachnospiraceae,Eisenbergiella,Eisenbergiella intestinigallinarum,89.53,0.48,0.882,4013019,2178923,0,1.3600494400879537
D300511:bin_000002,Bacteria,Bacillota_A,Clostridia,Lachnospirales,Lachnospiraceae,Eisenbergiella,Eisenbergiella merdigallinarum,97.93,2.57,0.912,3340894,41214,0,1.13226003019004
GPB:bin_000057,Bacteria,Bacillota_A,Clostridia,Lachnospirales,Lachnospiraceae,Eisenbergiella,Eisenbergiella merdavium,100,0,0.882,5054588,5054588,1,1.7130468555656702
GPB:bin_000152,Bacteria,Bacillota_A,Clostridia,Lachnospirales,Lachnospiraceae,Ruminococcus_G,Ruminococcus_G avistercoris,95.48,2.62,0.906,3603283,806911,0,1.2211861011942486
GPB:bin_000058,Bacteria,Bacillota_A,Clostridia,Lachnospirales,Lachnospiraceae,Mediterraneibacter,unclassified_Mediterraneibacter,100,0,0.89,3834027,3834027,1,1.2993873875583686
GPB:bin_000029,Bacteria,Bacillota_A,Clostridia,Lachnospirales,Lachnospiraceae,Mediterraneibacter,Mediterraneibacter merdigallinarum,100,0,0.881,3286184,3286184,1,1.1137183026609125
GPB:bin_000084,Bacteria,Bacillota_A,Clostridia,Lachnospirales,Lachnospiraceae,Mediterraneibacter,unclassified_Mediterraneibacter,100,0,0.894,3562522,3562522,1,1.2073718194209937
GPB:bin_000049,Bacteria,Bacillota_A,Clostridia,Lachnospirales,Lachnospiraceae,Mediterraneibacter,Mediterraneibacter pullicola,100,0,0.887,2664463,2664463,1,0.9030112768678816
GPB:bin_000175,Bacteria,Bacillota_A,Clostridia,Lachnospirales,Lachnospiraceae,Mediterraneibacter,Mediterraneibacter intestinavium,99.98,0.88,0.887,3653851,3453166,0,1.2383240664235105
GPB:bin_000147,Bacteria,Bacillota_A,Clostridia,Lachnospirales,Lachnospiraceae,Mediterraneibacter,Mediterraneibacter faecavium,100,3.71,0.884,4686105,3589579,0,1.5881645418183568
GPB:bin_000183,Bacteria,Bacillota_A,Clostridia,Lachnospirales,Lachnospiraceae,Mediterraneibacter,unclassified_Mediterraneibacter,99.98,0.91,0.885,3461377,988943,0,1.1730928387788149
D300482:bin_000009,Bacteria,Bacillota_A,Clostridia,Lachnospirales,Lachnospiraceae,Mediterraneibacter,Mediterraneibacter sp900761655,90.72,3.87,0.894,3336211,28269,0,1.1306729179615826
GPB:bin_000136,Bacteria,Bacillota_A,Clostridia,Lachnospirales,Lachnospiraceae,Mediterraneibacter,Mediterraneibacter avicola,100,0,0.888,2343964,2343964,1,0.7943911867315655
GPB:bin_000116,Bacteria,Bacillota_A,Clostridia,Lachnospirales,Lachnospiraceae,Mediterraneibacter,Mediterraneibacter sp019418195,100,0,0.883,3631633,3631633,1,1.2307941797073314
D300452:bin_000016,Bacteria,Bacillota_A,Clostridia,Lachnospirales,Lachnospiraceae,Eisenbergiella,Eisenbergiella sp904392525,88.28,7.6,0.89,4610973,11001,0,1.5627016086668597
GPB:bin_000005,Bacteria,Bacillota_A,Clostridia,Lachnospirales,Lachnospiraceae,Blautia,unclassified_Blautia,100,0,0.888,4514206,4514206,1,1.529906372918165
GPB:bin_000053,Bacteria,Bacillota_A,Clostridia,Lachnospirales,Lachnospiraceae,Mediterraneibacter,Mediterraneibacter excrementipullorum,100,0,0.885,3100452,3100452,1,1.050772001483067
GPB:bin_000194,Bacteria,Bacillota_A,Clostridia,Lachnospirales,Lachnospiraceae,Lachnoclostridium_B,Lachnoclostridium_B sp002160985,98.51,2.07,0.892,3622959,633758,0,1.2278544804825526
D300511:bin_000016,Bacteria,Bacillota_A,Clostridia,Lachnospirales,Lachnospiraceae,Merdisoma,Merdisoma sp002160825,81.86,3.13,0.899,2669283,7693,0,0.9046448196697532
GPB:bin_000003,Bacteria,Bacillota_A,Clostridia,Lachnospirales,Lachnospiraceae,Mediterraneibacter,Mediterraneibacter merdavium,100,0,0.877,3842721,3842721,1,1.3023338649690475
GPB:bin_000031,Bacteria,Bacillota_A,Clostridia,Lachnospirales,Lachnospiraceae,Mediterraneibacter,Mediterraneibacter faecigallinarum,100,0,0.886,3854564,3854564,1,1.3063475677496625
GPB:bin_000172,Bacteria,Bacillota_A,Clostridia,Lachnospirales,Lachnospiraceae,Enterocloster,Enterocloster sp944384065,96.43,1.79,0.893,4068582,2195006,0,1.3788802572457113
GPB:bin_000143,Bacteria,Bacillota_A,Clostridia,Lachnospirales,Lachnospiraceae,Blautia,Blautia ornithocaccae,100,0.24,0.882,4828883,3306764,0,1.6365533331390254
GPB:bin_000001,Bacteria,Bacillota_A,Clostridia,Lachnospirales,Lachnospiraceae,Enterocloster,Enterocloster excrementipullorum,100,0,0.894,4151388,4151388,1,1.4069439803269932
GPB:bin_000202,Bacteria,Bacillota_A,Clostridia,Lachnospirales,Lachnospiraceae,Ruminococcus_G,unclassified_Ruminococcus_G,89.75,0.99,0.896,3154036,586972,0,1.0689321171460313
GPB:bin_000104,Bacteria,Bacillota_A,Clostridia,Lachnospirales,Lachnospiraceae,Caccovicinus,Caccovicinus merdipullorum,100,0,0.877,4260129,4260129,1,1.4437973159739474
GPB:bin_000135,Bacteria,Bacillota_A,Clostridia,Lachnospirales,Lachnospiraceae,UMGS1370,UMGS1370 sp904395885,96.99,1.25,0.896,4215332,2797585,0,1.4286151962860965
TG3_28:bin_000042,Bacteria,Bacillota_A,Clostridia,Lachnospirales,Lachnospiraceae,Mediterraneibacter,Mediterraneibacter faecipullorum,91.64,1.6,0.901,2678215,13623,0,0.9076719574926406
GPB:bin_000146,Bacteria,Bacillota_A,Clostridia,Lachnospirales,Lachnospiraceae,Clostridium_Q,Clostridium_Q saccharolyticum_A,98.3,0.73,0.852,3717134,2653635,0,1.2597712633386227
GPB:bin_000067,Bacteria,Bacillota_A,Clostridia,Lachnospirales,Lachnospiraceae,Lachnoclostridium_A,Lachnoclostridium_A stercoripullorum,100,0,0.891,3458757,3458757,1,1.1722048964259304
TG4:bin_000055,Bacteria,Bacillota_A,Clostridia,Lachnospirales,Lachnospiraceae,Blautia_A,unclassified_Blautia_A,78.29,1.65,0.912,2909419,6027,0,0.986029142132458
TG3:bin_000068,Bacteria,Bacillota_A,Clostridia,Lachnospirales,Lachnospiraceae,An181,An181 sp002160325,92.43,2.11,0.908,2578757,14340,0,0.8739647168311168
D300526:bin_000014,Bacteria,Bacillota_A,Clostridia,Lachnospirales,Lachnospiraceae,Blautia,Blautia stercorigallinarum,86.29,2.63,0.892,3288674,28346,0,1.1145621868054478
GPB:bin_000023,Bacteria,Bacillota_A,Clostridia,Lachnospirales,Lachnospiraceae,Sellimonas,Sellimonas intestinalis,100,0,0.889,3146407,3146407,1,1.0663465781345212
D300492:bin_000003,Bacteria,Bacillota_A,Clostridia,Lachnospirales,Lachnospiraceae,Lachnoclostridium_A,Lachnoclostridium_A stercorigallinarum,96.77,2.56,0.901,3315623,65879,0,1.123695453396244
TG4_21:bin_000043,Bacteria,Bacillota_A,Clostridia,Lachnospirales,Lachnospiraceae,Mediterraneibacter,Mediterraneibacter intestinigallinarum,95.76,11.62,0.905,3781974,11543,0,1.2817461420260405
GPB:bin_000124,Bacteria,Bacillota_A,Clostridia,Lachnospirales,Lachnospiraceae,Copromonas,Copromonas faecavium,100,0,0.87,3904228,3904228,1,1.3231791589762498
D300474:bin_000012,Bacteria,Bacillota_A,Clostridia,Lachnospirales,Lachnospiraceae,Mediterraneibacter,Mediterraneibacter norwichensis,92.43,1.47,0.897,2990431,16092,0,1.0134848619385206
D300444:bin_000010,Bacteria,Bacillota_A,Clostridia,Lachnospirales,Lachnospiraceae,Enterocloster,Enterocloster excrementigallinarum,91.11,2.06,0.906,3198212,23613,0,1.0839037741616908
TG3_28:bin_000041,Bacteria,Bacillota_A,Clostridia,Lachnospirales,Lachnospiraceae,Merdimonas,Merdimonas faecis,76.3,1.01,0.913,2636481,7588,0,0.8935279169753565
TG2:bin_000059,Bacteria,Bacillota_A,Clostridia,Lachnospirales,Lachnospiraceae,Pullilachnospira,Pullilachnospira stercoravium,77.41,6.97,0.88,3204350,9095,0,1.0859839994143647
D300499:bin_000015,Bacteria,Bacillota_A,Clostridia,Lachnospirales,Lachnospiraceae,Caccovicinus,Caccovicinus sp017889125,95.7,5.45,0.889,4069219,20797,0,1.3790961424666226
GPB:bin_000094,Bacteria,Bacillota_A,Clostridia,Lachnospirales,Lachnospiraceae,Caccomorpha,Caccomorpha excrementavium,100,0,0.893,4716244,4716244,1,1.5983789290601842
TG2_07:bin_000029,Bacteria,Bacillota_A,Clostridia,Lachnospirales,Lachnospiraceae,Mediterraneibacter,Mediterraneibacter vanvlietii,87.75,1.89,0.894,2812548,11479,0,0.9531986598170838
TG5:bin_000047,Bacteria,Bacillota_A,Clostridia,Lachnospirales,Lachnospiraceae,Mediterraneibacter,Mediterraneibacter sp944381495,82.17,4.83,0.889,3168647,20648,0,1.0738839208551902
TG1_21:bin_000035,Bacteria,Bacillota_A,Clostridia,Lachnospirales,Lachnospiraceae,Lachnoclostridium_A,Lachnoclostridium_A sp002160755,82.21,12.8,0.876,3502275,11843,0,1.1869535511254838
GPB:bin_000159,Bacteria,Bacillota_A,Clostridia,Lachnospirales,Lachnospiraceae,Anaerobutyricum,Anaerobutyricum faecale,88.83,2.33,0.86,3469269,536953,0,1.1757675109349084
GPB:bin_000209,Bacteria,Bacillota_A,Clostridia,Lachnospirales,Lachnospiraceae,Lachnoclostridium_A,Lachnoclostridium_A avicola,91.77,3.64,0.889,3723173,360413,0,1.261817936571092
GPB:bin_000055,Bacteria,Bacillota_A,Clostridia,Lachnospirales,Lachnospiraceae,Fimimorpha,Fimimorpha faecalis,100,0,0.862,3483147,3483147,1,1.1804708941308366
TG3_35:bin_000033,Bacteria,Bacillota_A,Clostridia,Lachnospirales,Lachnospiraceae,Hungatella_B,Hungatella_B pullicola,98.12,2.22,0.902,2913216,22073,0,0.9873159807255506
GPB:bin_000171,Bacteria,Bacillota_A,Clostridia,Lachnospirales,Lachnospiraceae,Anaerobutyricum,Anaerobutyricum stercoris,100,1.11,0.878,4137023,1320277,0,1.402075548304403
GPB:bin_000069,Bacteria,Bacillota_A,Clostridia,Lachnospirales,Lachnospiraceae,Catenibacillus,Catenibacillus faecigallinarum,100,0,0.883,4555427,4555427,1,1.543876552967117
GPB:bin_000151,Bacteria,Bacillota_A,Clostridia,Lachnospirales,Lachnospiraceae,Anaerostipes,Anaerostipes excrementavium,99.95,2.48,0.897,3353259,2095716,0,1.136450643622642
TG2_28:bin_000031,Bacteria,Bacillota_A,Clostridia,Lachnospirales,Lachnospiraceae,Anaerostipes,Anaerostipes butyraticus,84.13,2.4,0.911,2308821,5077,0,0.7824808973775876
GPB:bin_000142,Bacteria,Bacillota_A,Clostridia,Christensenellales,CAG-314,Heteroclostridium,Heteroclostridium caecigallinarum,100,0,0.901,1458434,1458434,1,0.49427683873543454
GPB:bin_000170,Bacteria,Bacillota_A,Clostridia,Christensenellales,Borkfalkiaceae,Borkfalkia,Borkfalkia ceftriaxoniphila,95,0.1,0.925,2505775,1371595,0,0.8492304386638568
GPB:bin_000131,Bacteria,Bacillota_A,Clostridia,Christensenellales,Borkfalkiaceae,Borkfalkia,Borkfalkia excrementigallinarum,100,0,0.874,2950483,2950483,1,0.9999461134220959
GPB:bin_000113,Bacteria,Bacillota_A,Clostridia,Christensenellales,Borkfalkiaceae,Borkfalkia,Borkfalkia faecigallinarum,100,0,0.858,1967104,1967104,1,0.6666698298200866
D300472:bin_000003,Bacteria,Bacillota_A,Clostridia,Christensenellales,Borkfalkiaceae,Borkfalkia,Borkfalkia sp904373255,91.75,1.35,0.878,2791757,25309,0,0.9461523966648614
GPB:bin_000100,Bacteria,Bacillota_A,Clostridia,Christensenellales,Borkfalkiaceae,Borkfalkia,Borkfalkia sp904374385,100,0,0.89,2680208,2680208,1,0.9083474037175638
GPB:bin_000190,Bacteria,Bacillota_A,Clostridia,Christensenellales,Borkfalkiaceae,Borkfalkia,Borkfalkia sp944342025,95.4,0.74,0.896,2446882,1775478,0,0.829271053553769
GPB:bin_000189,Bacteria,Bacillota_A,Clostridia,Christensenellales,Borkfalkiaceae,Borkfalkia,Borkfalkia sp944368795,94.33,0.73,0.885,2483434,1380771,0,0.8416588661043936
GPB:bin_000148,Bacteria,Bacillota_A,Clostridia,Christensenellales,Borkfalkiaceae,Borkfalkia,Borkfalkia sp017886545,100,0,0.875,2638047,2638047,1,0.8940586489313174
GPB:bin_000212,Bacteria,Bacillota_A,Clostridia,Christensenellales,Borkfalkiaceae,Gallimonas,Gallimonas caecicola,84.98,6.29,0.892,2166640,327233,0,0.7342944349060306
D300443:bin_000003,Bacteria,Bacillota_A,Clostridia,Christensenellales,Borkfalkiaceae,Scatosoma,Scatosoma sp900555925,92.99,0.64,0.896,3351616,43028,0,1.1358938156509668
TG3:bin_000002,Bacteria,Bacillota_A,Clostridia,Christensenellales,Borkfalkiaceae,Scatosoma,Scatosoma sp904419075,99.44,0.3,0.891,3055780,40504,0,1.0356322454570903
GPB:bin_000070,Bacteria,Bacillota_A,Clostridia,Christensenellales,Borkfalkiaceae,Gallimonas,Gallimonas merdigallinarum,100,0,0.871,2191351,2191351,1,0.74266922249463
TG1:bin_000010,Bacteria,Bacillota_A,Clostridia,Christensenellales,Borkfalkiaceae,Coproplasma,Coproplasma avistercoris,91.28,0.12,0.886,1860773,26504,0,0.6306332655740683
D300458:bin_000001,Bacteria,Bacillota_A,Clostridia,Christensenellales,Borkfalkiaceae,Coproplasma,Coproplasma stercorigallinarum,97.29,0.15,0.841,1947586,13522,0,0.6600549982003916
GPB:bin_000041,Bacteria,Bacillota_A,Clostridia,Christensenellales,Borkfalkiaceae,Gallimonas,Gallimonas faecium,100,0,0.906,1934850,1934850,1,0.6557386494193467
GPB:bin_000119,Bacteria,Bacillota_A,Clostridia,Christensenellales,Borkfalkiaceae,Gallimonas,Gallimonas intestinigallinarum,100,0,0.892,2307890,2307890,1,0.7821653728239482
D300428:bin_000008,Bacteria,Bacillota_A,Clostridia,Christensenellales,Borkfalkiaceae,Coproplasma,Coproplasma excrementigallinarum,82.32,3.54,0.834,1922776,10687,0,0.6516466585915879
GPB:bin_000163,Bacteria,Bacillota_A,Clostridia,Christensenellales,Borkfalkiaceae,Coproplasma,Coproplasma sp944368155,94.28,0.1,0.857,1676651,1512000,0,0.5682326083611634
GPB:bin_000095,Bacteria,Bacillota_A,Clostridia,Christensenellales,Borkfalkiaceae,UMGS775,UMGS775 sp900545325,100,0,0.928,2400753,2400753,1,0.8136375066849858
GPB:bin_000076,Bacteria,Bacillota_A,Clostridia,Christensenellales,UBA1750,Spyradocola,Spyradocola merdavium,100,0,0.886,3416191,3416191,1,1.1577788833752112
TG5_35:bin_000022,Bacteria,Bacillota_A,Clostridia,Christensenellales,CAG-74,Pullichristensenella,Pullichristensenella excrementipullorum,83.77,5.79,0.892,2156854,4543,0,0.7309778685452183
TG5_14:bin_000008,Bacteria,Bacillota_A,Clostridia,Clostridiales,Clostridiaceae,Sarcina,Sarcina perfringens,98.49,1.81,0.846,3247971,12617,0,1.1007675617713026
GPB:bin_000193,Bacteria,Bacillota_A,Clostridia,Peptostreptococcales,Anaerovoracaceae,Alangreenwoodia,Alangreenwoodia sp905206455,88.97,0.5,0.832,2039492,157914,0,0.69120279586612
TG1:bin_000047,Bacteria,Bacillota_A,Clostridia,Peptostreptococcales,Peptostreptococcaceae,Romboutsia,Romboutsia sp904418825,79.76,2.84,0.856,1955405,4481,0,0.6627049299779506
GPB:bin_000145,Bacteria,Bacillota,Bacilli,Paenibacillales,Paenibacillaceae,Paenibacillus_A,Paenibacillus_A macerans,99.81,0.97,0.837,7274163,5629091,0,2.4652814540022137
GPB:bin_000014,Bacteria,Bacillota,Bacilli,CAJFEE01,CAJFEE01,Harrysmithimonas,Harrysmithimonas galli,100,0,0.755,3303531,3303531,1,1.1195973622011752
TG2_21:bin_000011,Bacteria,Bacillota,Bacilli,RF39,UBA660,CAG-302,CAG-302 sp017887885,94.26,0.44,0.884,1428992,77172,0,0.48429867127221804
GPB:bin_000161,Bacteria,Bacillota,Bacilli,RF39,UBA660,RUG591,RUG591 sp944350445,91.13,1.43,0.9,1414746,732373,0,0.479470569455732
GPB:bin_000153,Bacteria,Bacillota,Bacilli,RF39,UBA660,Caccenecus,Caccenecus sp900758895,100,0,0.895,1581374,1581374,1,0.53594234746201
GPB:bin_000017,Bacteria,Bacillota,Bacilli,Erysipelotrichales,Coprobacillaceae,Thomasclavelia,Thomasclavelia ramosa,100,0,0.876,3545344,3545344,1,1.2015500355515851
GPB:bin_000139,Bacteria,Bacillota,Bacilli,Erysipelotrichales,Coprobacillaceae,Massilimicrobiota,Massilimicrobiota sp002160865,95.43,0.47,0.898,2417168,1552294,0,0.819200702762314
D300509:bin_000001,Bacteria,Bacillota,Bacilli,Erysipelotrichales,Coprobacillaceae,Massilimicrobiota,Massilimicrobiota merdigallinarum,99.64,0.45,0.895,2434131,30065,0,0.8249496211332992
TG5_28:bin_000003,Bacteria,Bacillota,Bacilli,Erysipelotrichales,Coprobacillaceae,Thomasclavelia,Thomasclavelia spiroformis,100,0.56,0.885,2500811,29662,0,0.8475480929235062
GPB:bin_000115,Bacteria,Bacillota,Bacilli,Erysipelotrichales,Erysipelotrichaceae,Clostridium_AQ,Clostridium_AQ innocuum,100,0,0.845,4090285,4090285,1,1.3862356056749683
D300443:bin_000002,Bacteria,Bacillota,Bacilli,Erysipelotrichales,Erysipelotrichaceae,Clostridium_AQ,Clostridium_AQ sp900552125,100,1.11,0.887,2697713,51850,0,0.9142800109264356
GPB:bin_000185,Bacteria,Bacillota,Bacilli,Erysipelotrichales,Erysipelotrichaceae,Merdibacter,unclassified_Merdibacter,98.35,0.79,0.844,2413710,995357,0,0.8180287544202245
TG1:bin_000014,Bacteria,Bacillota,Bacilli,Erysipelotrichales,Erysipelotrichaceae,Merdibacter,Merdibacter merdigallinarum,97.62,0.62,0.887,2317307,26610,0,0.7853568816549077
GPB:bin_000042,Bacteria,Bacillota,Bacilli,Erysipelotrichales,Erysipelotrichaceae,Holdemania,Holdemania filiformis,100,0,0.867,3767255,3767255,1,1.2767577361130222
GPB:bin_000043,Bacteria,Bacillota,Bacilli,ML615J_28,CAG-313,CAG-313,CAG-313 sp000433035,100,0,0.899,1744170,1744170,1,0.5911154250498705
TG5_35:bin_000001,Bacteria,Bacillota,Bacilli,Lactobacillales,Streptococcaceae,Streptococcus,Streptococcus alactolyticus,99.99,0.09,0.884,1577486,39230,0,0.5346246681230729
GPB:bin_000039,Bacteria,Bacillota,Bacilli,Lactobacillales,Enterococcaceae,Enterococcus_D,Enterococcus_D gallinarum,100,0,0.864,3260876,3260876,1,1.1051411862232017
TG3_14:bin_000007,Bacteria,Bacillota,Bacilli,Lactobacillales,Enterococcaceae,Enterococcus_B,Enterococcus_B hirae,99.95,3.09,0.846,2864690,15381,0,0.9708700682766666
GEXTRA:bin_000002,Bacteria,Bacillota,Bacilli,Lactobacillales,Enterococcaceae,Enterococcus_B,Enterococcus_B faecium,100,0,0.85,2562984,2562984,1,0.8686191005211747
TG4_14:bin_000001,Bacteria,Bacillota,Bacilli,Lactobacillales,Enterococcaceae,Enterococcus,Enterococcus faecalis,99.99,0.31,0.889,2768917,49428,0,0.938411708367196
D300479:bin_000001,Bacteria,Bacillota,Bacilli,Lactobacillales,Lactobacillaceae,Lactobacillus,Lactobacillus crispatus,99.97,0.53,0.887,1942229,31518,0,0.6582394611071082
TG5_28:bin_000004,Bacteria,Bacillota,Bacilli,Lactobacillales,Lactobacillaceae,Lactobacillus,Lactobacillus johnsonii,99.95,0.5,0.893,1793304,33637,0,0.607767394350111
TG2:bin_000055,Bacteria,Bacillota,Bacilli,Lactobacillales,Lactobacillaceae,Lactobacillus,Lactobacillus gallinarum,75.25,0.38,0.895,1419434,4879,0,0.48105937623066436
GEXTRA:bin_000004,Bacteria,Bacillota,Bacilli,Lactobacillales,Lactobacillaceae,Limosilactobacillus,Limosilactobacillus reuteri,100,0,0.874,2191121,2191121,1,0.7425912733567813
TG2:bin_000003,Bacteria,Bacillota,Bacilli,Lactobacillales,Lactobacillaceae,Limosilactobacillus,Limosilactobacillus reuteri_E,99.89,1.77,0.879,2084398,20549,0,0.7064218566671253
TG1:bin_000020,Bacteria,Bacillota,Bacilli,Lactobacillales,Lactobacillaceae,Limosilactobacillus,Limosilactobacillus fermentum,90.31,2.27,0.872,1824892,6068,0,0.6184728611603848
GEXTRA:bin_000006,Bacteria,Bacillota,Bacilli,Lactobacillales,Lactobacillaceae,Pediococcus,Pediococcus acidilactici,100,0,0.864,2028169,2028169,1,0.6873653259189018
GPB:bin_000025,Bacteria,Bacillota,Bacilli,Lactobacillales,Lactobacillaceae,Ligilactobacillus,Ligilactobacillus salivarius,100,0,0.879,1890941,1890941,1,0.6408574811854505
